Number words female,Total words,Number of words lead,Difference in words lead and co-lead,Number of male actors,Year,Number of female actors,Number words male,Gross,Mean Age Male,Mean Age Female,Age Lead,Age Co-Lead,Lead
1512,6394,2251,343,2,1995,5,2631,142,51.5,42.33333333,46,65,Female
1524,8780,2020,1219,9,2001,4,5236,37,39.125,29.33333333,58,34,Male
155,4176,942,787,7,1968,1,3079,376,42.5,37,46,37,Male
1073,9855,3440,2623,12,2002,2,5342,19,35.22222222,21.5,33,23,Male
1317,7688,3835,3149,8,1988,4,2536,40,45.25,45,36,39,Male
1492,5872,1491,994,11,1997,4,2889,327,45.90909091,36.5,55,41,Male
1500,5322,1191,287,6,1980,3,2631,269,47,24.5,61,25,Male
349,6098,2692,2472,9,1988,2,3057,53,43,31,48,31,Male
857,8851,4042,3476,13,2001,2,3952,89,47.41666667,28.5,33,27,Male
2619,9626,1604,869,9,1973,6,5403,565,26.5,22,20,26,Male
759,12705,4922,4163,12,2002,1,7024,48,50.55555556,39,54,39,Male
4001,12995,7661,3942,5,1977,3,1333,152,41.6,39.33333333,42,31,Male
1141,9925,3484,2920,6,1997,3,5300,1,50.6,36.5,62,32,Male
1544,5323,2298,1306,5,1997,4,1481,102,41.8,39.5,34,32,Male
0,2081,940,508,4,1999,1,1141,351,48,29,29,57,Female
2417,11729,4998,4273,8,1990,6,4314,107,42,57.2,39,85,Male
832,4498,719,200,11,1984,3,2947,99,38.85714286,36.66666667,30,23,Male
3133,11252,3955,1965,7,1995,5,4164,131,32.28571429,34,30,29,Male
846,3918,2616,1770,4,1992,1,456,4,55,28,53,28,Male
1729,11361,4179,2930,9,2000,3,5453,3,36.71428571,39.33333333,40,29,Male
2680,7344,2372,521,6,1992,2,2292,247,41.5,31.5,48,34,Male
1188,7018,3113,2036,5,1992,2,2717,341,52,31,48,34,Male
0,2856,1136,343,4,1989,1,1720,550,53,36,36,38,Female
1605,10592,6394,5475,7,2000,2,2593,64,29.57142857,32,26,40,Male
519,3142,1203,896,4,1996,2,1420,124,50.66666667,34,34,34,Male
2492,12199,3545,2439,16,1994,5,6162,3,43.16666667,43,43,40,Male
2173,8715,4441,3401,5,2003,4,2101,95,49.2,39.66666667,32,37,Male
404,4862,2155,1751,6,1989,1,2303,99,50.83333333,36,45,36,Male
3167,11295,2695,1770,13,2006,9,5433,29,43,33.2,28,32,Male
3511,9141,3842,2185,8,1993,6,1788,27,44.2,40,38,35,Male
693,12844,4393,565,11,1992,2,7758,255,42,33.5,29,37,Female
2844,13781,3291,1699,16,1990,4,7646,32,48.14285714,40.75,34,33,Male
2468,6641,3285,1268,4,2010,4,888,73,41.33333333,52.33333333,41,41,Male
1024,5683,1556,684,11,1995,2,3103,151,44.2,29,41,29,Male
1154,7346,2873,2323,10,1985,3,3319,24,47.33333333,27,38,27,Male
1711,7266,2862,1493,7,1999,3,2693,28,40.71428571,37,35,31,Male
1412,5675,2388,976,8,1996,1,1875,138,44.375,26,42,26,Male
3214,12798,6782,4436,6,2003,3,2802,350,53.2,36.33333333,41,34,Male
695,7380,1776,190,9,2008,3,4909,73,50.8,46,51,47,Female
719,5675,4034,3471,4,2000,2,922,377,42.5,37,44,37,Male
3657,9653,3018,1361,4,2004,5,2978,56,43.5,34,38,41,Female
1953,9531,4279,3350,11,2004,3,3299,44,32,41.66666667,23,52,Male
733,12860,3444,1848,16,2008,4,8683,43,42.86666667,36.5,33,40,Female
2689,9016,2368,1267,9,1999,7,3959,98,31.875,41.71428571,24,24,Male
605,8112,6706,6101,5,1994,1,801,2,51.25,33,48,33,Male
470,4555,1182,712,9,2002,1,2903,59,46,38,55,38,Male
945,7729,3860,3372,10,2005,2,2924,102,39.66666667,37,41,45,Male
0,11547,4870,3383,11,1997,1,6677,191,48,35,35,28,Female
1003,5927,983,483,10,2003,3,3941,49,37.28571429,25.66666667,44,31,Male
823,1870,641,24,2,1996,2,406,35,41.5,21,34,21,Male
1810,8963,2799,1421,6,2002,2,4354,12,45.33333333,48.5,33,43,Male
972,2662,1311,694,3,2008,4,379,5,40,28,40,28,Male
1521,10750,3424,2964,13,2008,6,5805,34,41.75,28.75,40,26,Male
1070,5345,1158,770,9,1989,3,3117,60,44.44444444,39.66666667,32,27,Male
773,5183,2753,2218,3,2007,2,1657,101,34.33333333,41,21,40,Male
1525,13269,3778,2462,12,1997,2,7966,79,44.5,28,57,28,Male
1467,5916,1335,158,8,1981,2,3114,18,53.5,29,27,29,Male
2080,12303,6707,5497,11,1991,3,3516,72,38,33.5,32,30,Male
1261,5596,1777,1070,9,1984,2,2558,70,47.66666667,46.5,25,39,Male
1388,4318,1938,1399,4,1990,5,992,116,29.25,35.8,42,22,Female
4113,7732,1529,101,6,2008,5,2090,122,33.5,51.66666667,22,32,Male
612,6562,2482,1029,9,2007,3,3468,20,45.44444444,37.33333333,38,43,Female
885,4596,1076,748,8,1996,4,2635,49,52,33.33333333,45,31,Male
269,2656,1658,1509,4,1999,2,729,95,45.66666667,31.5,37,23,Male
1433,4507,1905,1066,6,1997,4,1169,212,40,30.5,33,41,Male
2152,6348,2626,1788,3,1986,4,1570,164,31.33333333,22.5,24,19,Male
262,7223,2108,1846,13,1997,1,4853,120,49.54545455,22,42,22,Male
1144,10362,5813,4870,3,1999,2,3405,63,39.33333333,31.5,30,33,Male
436,2750,472,1,6,2000,2,1842,86,31.4,28,24,22,Female
802,5747,4237,3574,5,1985,2,708,114,44.2,27,42,25,Male
5777,20433,8468,3049,10,2002,2,6188,27,35.16666667,23,24,23,Male
1549,8989,5446,4495,5,1994,3,1994,686,43.4,32,38,10,Male
2432,5370,1019,68,7,1989,5,1919,31,26.5,20.5,62,20,Male
1686,12554,2611,925,13,2009,1,8257,174,42.91666667,29,29,29,Male
1432,8192,2656,1132,9,1997,3,4104,91,34.44444444,47.66666667,35,39,Female
409,2066,506,267,5,2009,2,1151,23,32.4,37,32,44,Male
458,5309,2293,1835,9,1997,1,2558,23,46.14285714,27,25,27,Male
1419,8553,1851,560,12,2002,2,5283,116,42.9,30,53,30,Male
1835,13304,5901,4063,7,2003,5,5568,85,47.5,49,37,38,Female
2246,6224,1285,444,8,1990,4,2693,85,46.71428571,46.5,46,31,Male
1684,6805,3454,2439,9,1997,5,1667,53,43.57142857,41.33333333,31,27,Male
2727,8802,5219,2757,4,1993,3,856,148,34.25,43,43,35,Male
1552,4650,947,241,6,1995,5,2151,30,55.25,38.2,67,29,Male
686,7565,2087,1401,9,1998,1,4792,36,44.11111111,28,29,28,Male
142,3398,1894,1752,6,1990,1,1362,97,35,37,38,37,Male
868,10686,4102,3701,14,2004,4,5716,25,31.25,27.33333333,32,26,Male
2440,16708,3724,2077,15,2002,5,10544,392,37.06666667,34.4,13,12,Male
1582,7907,1768,870,11,2001,3,4557,488,31.7,40.33333333,12,11,Male
3213,14717,3197,1108,15,2004,5,8307,348,36.2,44.8,15,14,Male
1098,4960,738,376,13,1995,4,3124,134,42.2,33.66666667,55,31,Male
1999,8611,2432,1230,6,2008,2,4180,91,56.4,32,58,36,Male
1544,5092,1496,741,4,1992,5,2052,26,35.66666667,27.66666667,29,31,Female
654,8450,2135,1481,11,2000,1,5661,20,39.57142857,29,42,29,Male
1440,8240,3903,3081,7,1997,5,2897,2,35.66666667,31.5,35,29,Male
2252,7577,1343,541,8,2003,3,3982,18,49.625,43.33333333,32,31,Male
1008,6992,3563,2964,12,2004,3,2421,32,42.2,36,40,36,Male
895,5745,1854,503,5,2004,3,2996,365,46.2,42,46,60,Female
849,5680,1015,502,12,1996,2,3816,602,42.75,35,44,38,Male
972,4279,1769,797,7,1981,1,1538,9,44.16666667,30,39,30,Male
1564,5036,2301,737,5,1984,1,1171,466,43.6,31,42,31,Male
3668,8624,3659,1164,6,2003,6,1297,50,47,38.5,42,34,Male
692,7061,4364,4134,10,2009,4,2005,21,41,43.5,48,32,Male
0,3497,686,29,9,2003,1,2811,152,41.14285714,28,28,34,Female
2229,8599,3511,1542,7,1990,3,2859,53,35.33333333,42.33333333,32,31,Male
1597,7514,2992,1654,9,1991,2,2925,2,54.22222222,33.5,43,34,Male
2898,10170,5317,3592,6,1982,4,1955,7,51,33,39,37,Male
744,6598,2535,1918,9,2007,2,3319,60,37.28571429,45,40,35,Male
1120,9373,2369,1497,11,1997,2,5884,122,43,47.5,30,44,Male
1103,14205,6335,5844,7,1991,3,6767,122,40.57142857,24.33333333,36,34,Male
1101,8821,3099,2666,8,2009,4,4621,85,49.16666667,37,42,35,Male
2468,9950,1712,250,9,2010,3,5770,44,42,35,56,27,Male
785,4597,1058,547,6,1989,2,2754,34,44,35.5,42,30,Male
3012,6042,1743,99,6,2003,4,1287,28,45.5,33.33333333,44,28,Male
0,5856,2199,316,7,1996,1,3657,65,48.14285714,40,40,48,Female
145,3708,653,508,11,2003,1,2910,543,41.90909091,36,64,36,Male
1212,8255,2194,1337,11,2001,2,4849,482,43.90909091,28,62,32,Male
206,4796,844,638,13,2002,1,3746,509,42.92307692,33,31,33,Male
1267,7203,1648,983,8,1998,2,4288,128,43,29,31,42,Male
859,7719,5534,4970,6,1992,3,1326,101,41.16666667,34.33333333,38,34,Male
1316,11126,3686,2689,12,2003,3,6124,49,37.1,33,33,33,Male
2015,6843,2530,1510,5,2004,3,2298,109,52.25,20.5,50,10,Male
4008,10501,4253,1776,9,1992,4,2240,8,49.875,36.25,55,38,Male
444,6294,1464,1167,8,1998,2,4386,105,38.8,38,24,38,Male
1463,12260,3904,2828,9,2004,3,6893,92,49.625,39.33333333,50,37,Male
1310,9072,4058,3356,10,1986,3,3704,20,35.375,29,33,28,Male
1583,5375,1767,763,7,1994,3,2025,249,38.5,27,32,22,Male
1084,4737,2123,1247,3,1999,2,1530,292,35,49,38,32,Male
319,1959,755,436,5,2008,1,885,49,35.33333333,25,37,25,Male
661,6718,2471,1810,8,1997,1,3586,473,43.42857143,39,51,39,Male
781,8285,4205,3567,7,1997,2,3299,60,38.4,35,36,24,Male
241,4514,1491,1250,9,1978,1,2782,130,34.28571429,24,29,24,Male
1062,5893,1590,629,6,2000,2,3241,98,39.66666667,37,36,35,Male
1490,5908,2365,1614,7,2001,4,2053,8,38.6,38.5,33,37,Male
1222,9871,3505,3081,6,2007,4,5144,36,48,40.75,52,20,Male
0,6165,1699,89,9,1999,1,4466,265,40,29,29,31,Female
1646,6677,2020,478,5,1991,3,3011,123,33.4,22,11,39,Female
1402,9615,4905,2591,4,1997,4,3308,240,46.33333333,47.25,30,34,Female
1177,11352,4624,3771,9,1994,3,5551,104,35.6,27.66666667,29,21,Male
807,10024,3381,2902,17,1992,2,5836,5,36.82352941,35,18,51,Male
1186,4117,1942,756,5,2007,1,989,22,54.25,25,43,25,Male
1117,5051,1746,1046,6,1984,3,2188,68,33.6,29.5,20,21,Female
4037,10732,3410,939,3,2009,4,3285,48,32.66666667,40.75,36,38,Female
167,5026,1321,119,6,2008,2,3538,32,36.66666667,36,24,40,Female
841,5409,2964,2371,6,2001,2,1604,72,46,40,33,40,Male
616,3306,1001,204,3,2002,3,1689,142,40.66666667,32.66666667,40,31,Female
1858,5762,3046,2496,4,2005,4,858,153,41.5,27.5,38,19,Male
152,6720,3070,2918,9,2000,1,3498,182,42.83333333,35,44,35,Male
1259,5955,1689,734,8,2001,3,3007,305,39.66666667,27,29,28,Male
1510,10584,4337,2242,6,1986,6,4737,97,39.66666667,39.66666667,32,22,Female
2139,11649,4853,3653,12,1993,6,4657,65,39.375,42.66666667,38,26,Male
576,4006,856,554,6,1992,2,2574,35,23.75,29,30,24,Male
437,7163,3007,488,3,1990,2,3719,366,38,25.5,23,41,Female
110,9984,2103,1993,11,1987,1,7771,68,40.77777778,35,35,35,Male
2545,9484,4832,3831,3,2009,5,2107,190,44.33333333,54.75,45,65,Female
2809,8735,1797,608,8,1960,5,4129,545,41.83333333,39,29,31,Male
2036,8063,2261,519,10,1995,2,3766,32,39.5,23,34,34,Male
2305,6955,3696,2691,5,2002,6,954,26,39,33,36,35,Male
2094,7636,2596,1580,7,1994,4,2946,224,36.14285714,29.33333333,40,24,Male
553,5333,1908,401,4,2006,3,2872,74,51.25,57,61,37,Female
440,3193,917,477,7,1985,1,1836,367,48.66666667,27,39,27,Male
1297,7709,2498,1811,6,1985,3,3914,31,29.33333333,30.66666667,26,23,Male
2168,14591,5470,3302,10,2000,1,6953,28,42,33,41,33,Male
540,4830,1213,673,16,2000,1,3077,72,42.25,30,36,30,Male
1168,3554,1167,407,5,1975,3,1219,594,31,27.33333333,29,29,Male
301,7277,1714,1532,14,1996,2,5262,263,43.46153846,26.5,32,28,Male
1777,13957,5179,4085,14,1991,3,7001,343,43.75,46,36,33,Male
585,8247,2107,1522,16,2008,1,5555,6,37,36,60,36,Male
2245,6165,1564,171,8,2013,3,2356,1,37.57142857,39.33333333,21,17,Male
1060,5188,2983,2090,4,1998,2,1145,31,35,25,18,30,Male
1721,4410,1600,48,5,1997,2,1089,116,44.5,32.5,38,34,Male
654,7304,2332,214,5,2001,4,4318,139,36,21,20,31,Female
763,5842,3244,2796,6,2002,3,1835,1,35.33333333,33,43,38,Male
1556,13704,8189,7338,12,1983,2,3959,1,46.4,25,43,25,Male
839,9231,3754,3022,8,2008,2,4638,40,38.83333333,43,41,43,Male
1084,3112,501,158,8,1994,5,1527,16,32.66666667,43,54,26,Male
2996,9629,3145,1359,7,2010,4,3488,34,32.83333333,30,28,28,Male
923,5282,2330,1407,4,2002,1,2029,341,29.75,46,46,46,Male
503,11680,3844,1328,11,1991,3,7333,270,49.66666667,26.5,29,54,Female
2395,8378,3999,3200,4,1992,6,1984,293,45.66666667,45.83333333,37,39,Female
2051,9895,1437,609,15,2006,4,6407,47,41.6,41,50,25,Male
1236,4501,1718,471,2,1993,4,1547,24,46.5,37,32,34,Female
1972,8681,2608,1521,10,1999,4,4101,24,47.1,42,70,28,Male
8159,15824,6099,1125,2,2003,5,1566,180,52.5,44.75,66,57,Male
951,6235,1369,152,9,1999,7,3915,89,40.25,35.33333333,38,30,Female
5367,14266,4314,148,4,2004,7,4585,58,23.5,34.42857143,38,38,Female
257,6054,2988,2835,8,2004,2,2809,6,44.14285714,24,45,24,Male
359,4891,915,556,8,1983,1,3617,853,41.375,27,32,27,Male
1273,5454,1477,809,10,2002,4,2704,465,53.6,42,31,21,Male
682,7039,2014,1543,12,2009,3,4343,299,62.16666667,48.33333333,78,77,Male
636,9047,2485,1849,13,1977,1,5926,1798,42.91666667,21,26,21,Male
2299,8694,2505,1235,10,1997,5,3890,103,37.66666667,38.75,29,26,Male
859,9460,2704,2248,13,2000,3,5897,11,51.3,35,50,35,Male
216,6143,1598,1382,13,1973,1,4329,786,47.5,41,48,41,Male
0,6456,2421,1148,7,1984,1,4035,74,43.6,33,33,35,Female
3153,10513,3868,1773,8,1999,6,3492,36,33,27,41,34,Male
363,8611,1427,1064,8,2007,1,6821,68,46.85714286,28,67,28,Male
258,3288,1343,1085,5,1982,1,1687,97,39.8,28,33,28,Male
136,12141,3216,3080,17,2000,1,8789,55,52.63636364,46,45,46,Male
4093,14243,4819,1247,7,1993,3,5331,8,30.71428571,24.66666667,50,39,Male
632,12452,5603,5249,7,1987,3,6217,373,33.75,44.5,42,26,Male
612,8611,2700,2088,9,1992,1,5299,47,48.2,32,33,32,Male
2686,11665,5732,3808,5,1996,2,3247,106,50,42,41,42,Male
1809,19960,6903,5094,11,1987,1,11248,56,44.63636364,39,43,39,Male
523,5880,2498,2249,7,1995,3,2859,61,44.14285714,30.66666667,39,40,Male
3073,9776,1749,541,15,2000,4,4954,200,42.46153846,32,56,31,Male
402,4928,2133,1731,4,1998,1,2393,233,37.5,34,36,34,Male
475,4576,1760,1556,6,2000,3,2341,153,36.66666667,62.5,52,47,Male
725,6431,2009,1676,10,1992,3,3697,211,42.625,39.5,62,40,Male
1804,8627,1913,97,9,2005,4,4910,95,52.28571429,40.5,24,45,Female
2613,9268,4356,2737,5,2001,3,2299,155,41.4,32.33333333,39,27,Male
1473,6993,2135,1086,6,1998,3,3385,18,38.2,36.66666667,32,26,Male
291,3044,1003,845,6,2004,2,1750,64,38.5,31,32,27,Male
1606,5508,2807,1707,4,2002,2,1095,61,37,30,24,18,Male
3564,9917,4135,1577,6,2008,5,2218,163,43.75,31.33333333,29,33,Male
0,1468,589,17,3,2005,1,879,317,23,11,11,23,Female
2757,11504,2891,432,12,2009,2,5856,125,44.44444444,34.5,36,31,Male
173,8731,2807,2634,15,1996,1,5751,20,39.66666667,37,47,37,Male
1849,5723,1875,356,6,1985,2,1999,160,42,32,43,28,Male
1326,9092,3060,1709,7,1939,3,4706,839,47.16666667,36.33333333,17,35,Female
2016,8603,2260,1004,10,2009,3,4327,208,35.5,52.5,41,32,Male
998,7054,3714,2716,7,2002,1,2342,211,40.4,27,35,27,Male
2560,11278,2302,1286,13,2009,5,6416,192,47.09090909,28.75,43,37,Male
1206,16612,4718,1372,8,1999,3,10688,65,31.28571429,23.33333333,18,20,Female
3148,19324,4212,3423,22,2013,5,11964,60,42.38461538,40.25,36,31,Male
3806,15092,6728,4760,7,2009,6,4558,74,33.57142857,29,22,37,Male
704,11927,5387,4857,6,2011,2,5836,40,44,34,28,34,Male
3438,22962,8570,6684,12,1982,7,10954,224,32.91666667,25.8,41,30,Male
5422,18184,8938,4858,8,2009,4,3824,37,38.33333333,30.25,28,29,Male
5854,37778,16148,10294,18,1992,1,15776,295,38.375,30,30,30,Male
3006,11538,2900,1376,6,1997,4,5632,94,60.33333333,37,67,33,Male
176,15400,4766,704,15,1989,2,10458,118,39.91666667,40.5,31,39,Female
1212,4779,1573,1173,10,1994,4,1994,150,48.88888889,40.25,30,52,Female
2481,5209,1635,129,4,1991,4,1093,235,41.5,41.5,51,40,Male
3222,15279,6010,4022,8,2011,3,6047,68,45.85714286,28,41,28,Male
2272,19304,9438,8248,8,1997,3,7594,11,40.375,36.33333333,56,48,Male
774,5435,2005,1231,5,1992,1,2656,454,49.75,22,41,22,Male
2830,6646,1888,4,4,1979,3,1928,6,44.5,38.66666667,46,30,Male
0,7646,1846,432,12,1992,1,5800,116,40.55555556,43,43,41,Female
1566,12406,4910,3200,9,1986,6,5930,199,32.625,28.5,37,29,Female
938,15090,7706,4582,8,2009,5,6446,39,44.75,46.25,45,49,Female
6766,23124,5574,2974,11,2000,8,10784,52,28.66666667,24.14285714,32,43,Male
850,14472,7898,7374,8,2009,2,5724,16,41,36.5,60,20,Male
4754,14636,5576,2826,6,1999,2,4306,222,39.16666667,29,40,41,Male
5507,21605,6043,3745,8,2013,5,10055,160,43.875,42.5,39,23,Male
911,10575,3156,2406,11,2001,2,6508,20,36,39,25,25,Male
4844,14890,3962,2966,7,1999,8,6084,174,29.28571429,23.75,19,20,Male
12002,32174,14642,6862,10,1995,8,5530,130,40.625,36,51,37,Male
3038,17000,10832,9974,7,2000,6,3130,24,36.2,28,26,26,Male
3148,18842,8078,5310,10,2003,4,7616,8,41.57142857,25.5,12,39,Male
6342,20324,7988,3592,3,2009,7,5994,14,35.66666667,32.8,24,56,Female
2292,28454,10516,8954,16,1999,5,15646,183,52.38461538,46.8,51,36,Male
1358,19390,9892,4938,7,2001,3,8140,36,31,40.66666667,32,33,Female
2848,17886,5830,3522,12,2009,3,9208,154,42.16666667,39.5,53,40,Male
1866,8013,1625,1158,8,2012,6,4522,13,38.83333333,35,40,24,Male
6461,11813,2816,349,6,2001,7,2536,6,40.16666667,34.85714286,36,39,Male
1215,10953,1707,971,19,2011,2,8031,4,39.13333333,60,44,74,Male
1710,17378,7358,5648,13,2001,1,8310,16,36.36363636,22,27,22,Male
2796,11976,5366,3250,6,1998,3,3814,168,54.4,53.5,63,40,Male
564,19904,8610,8046,15,1979,1,10730,16,37.46153846,34,39,34,Male
614,28042,11376,10894,10,1998,2,16052,16,45.22222222,31.5,59,42,Male
2198,11507,4587,3318,12,2012,3,4722,8,57.27272727,43.33333333,63,66,Male
379,6942,2301,2041,13,1998,2,4262,374,41.22222222,27,43,21,Male
440,1954,792,352,2,1992,1,722,24,46,27,34,27,Male
1661,7334,3180,1295,3,1981,4,2493,298,66,34.5,35,77,Female
7906,23766,8974,1588,8,1997,3,6886,280,42.85714286,40.66666667,60,34,Male
4380,16724,8252,4248,3,1995,3,4092,60,43.66666667,32.5,49,35,Male
1416,14730,9028,7774,7,1999,2,4286,38,40.16666667,42,40,42,Male
5962,15494,5562,2236,10,2009,4,3970,882,40.625,44.75,33,60,Male
1723,11625,2806,1432,12,2012,2,7096,680,51.33333333,34,47,28,Male
4118,15406,3014,424,22,2006,6,8274,45,39.22222222,30,43,50,Male
2784,11504,5306,2193,2,2010,7,3414,41,51,44.8,41,34,Female
2798,22642,5894,3944,13,1991,3,13950,160,40.25,36.33333333,28,29,Male
484,5888,2730,2246,5,2003,1,2674,86,37,36,45,36,Male
3694,15124,7088,6002,9,2011,7,4342,109,35.625,37.83333333,39,48,Female
2078,12490,4692,2740,6,2003,2,5720,38,40.16666667,34,49,38,Male
2094,11796,4650,3664,8,1996,5,5052,5,43.33333333,29,31,25,Male
3126,8768,2242,800,7,1997,4,3400,202,49,27,50,27,Male
922,7074,2013,1091,14,2005,1,4139,278,46.69230769,27,31,27,Male
2082,10928,3210,1242,7,1995,2,5636,368,42,31,36,28,Male
902,10334,5000,4538,9,1997,2,4432,85,40.57142857,25,43,25,Male
2502,10811,5740,3809,3,2010,3,2569,6,60,36.33333333,39,27,Male
3931,10173,2938,1007,5,1999,4,3304,39,44.4,39.66666667,33,27,Male
3332,16552,8710,6960,16,2001,5,4510,0,33.3,30.25,21,23,Male
8758,27036,9586,3698,4,1998,8,8692,42,50.75,51,44,52,Female
548,4554,1530,822,5,1993,2,2476,48,41.6,30,27,30,Female
3723,16019,3037,226,7,2011,5,9259,50,51.33333333,67.5,77,21,Female
2586,11154,5662,3076,4,1988,1,2906,243,30,28,32,28,Male
830,10197,4634,3804,8,1998,1,4733,32,48,38,49,38,Male
2682,10468,4530,1978,4,2001,2,3256,7,31.25,34,31,34,Male
5730,20784,8474,4414,8,2006,7,6580,12,43.2,36.25,58,26,Male
2313,4260,1947,598,1,2010,3,0,117,44,38,44,29,Male
3548,10974,4144,1362,6,1998,4,3282,129,41.33333333,28,25,28,Male
2064,11254,3126,1198,9,2002,2,6064,122,41.5,30,40,30,Male
2078,13086,4686,3052,8,1982,2,6322,4,43.25,22.5,40,23,Male
2548,16440,6128,2752,9,1999,3,7764,45,37,36.5,23,56,Female
2273,14812,5617,3680,9,2009,9,6922,296,46.2,44.5,45,25,Female
2500,5480,1398,100,3,2013,6,1582,6,46,27.66666667,23,19,Female
3925,10327,3607,1577,6,1996,3,2795,2,46.66666667,34,23,27,Male
7582,20292,8594,5006,8,1986,4,4116,20,48.8,42,27,19,Male
2366,9748,4444,2492,2,1993,3,2938,1,32,24,32,30,Male
1463,6708,1467,189,7,2001,2,3778,11,38,36,37,52,Male
2680,16610,4368,3712,16,1997,7,9562,50,40.85714286,34.71428571,26,27,Male
4598,18994,6732,4028,6,2010,4,7664,104,58.66666667,46.66666667,56,27,Male
4558,12346,6550,5920,3,1996,2,1238,7,50.5,36,38,35,Female
0,4432,1397,502,11,2002,1,3035,181,43.8,28,28,51,Female
1750,9756,2298,270,10,2004,4,5708,246,42,29.5,48,34,Female
1996,9760,3516,1904,8,2007,2,4248,287,48.14285714,38.5,58,51,Male
1018,13679,3990,1171,13,2009,5,8671,17,56.25,32,37,36,Female
2974,16586,4574,1600,5,1985,1,9038,93,28.2,17,26,17,Male
3234,19038,9102,7486,6,2005,3,6702,2,24,24,24,24,Male
4995,10911,4015,2702,4,2011,8,1901,185,40.5,36.28571429,38,32,Female
9556,21702,7858,16,8,1987,4,4288,113,50.4,29.75,37,29,Male
1554,14800,4646,348,4,2009,3,8600,5,43.25,45.66666667,46,52,Female
4408,13410,5468,1292,4,2008,2,3534,4,59.25,32.5,41,38,Male
1780,11161,3401,1787,11,1992,6,5980,34,31.3,27.8,23,57,Female
344,9886,4610,4266,13,1988,1,4932,107,32.71428571,25,33,25,Male
633,14333,9453,9134,6,2010,2,4247,1,43.25,40,34,40,Male
4600,17588,6188,2969,6,2010,7,6800,43,42.33333333,36.66666667,30,28,Female
3472,21587,10334,8217,10,2005,5,7781,38,47.5,54,38,46,Male
1511,12446,4001,2651,15,2011,2,6934,209,57.38461538,45,48,40,Male
1842,7279,3402,2578,4,2009,4,2035,15,41.33333333,34,40,34,Female
9604,67548,26798,19138,26,1995,9,31146,84,54.70588235,53,52,37,Male
1688,10500,4840,4115,6,2002,4,3972,245,42,36.66666667,28,28,Male
2009,7613,3004,2249,12,2000,8,2600,2,26.33333333,33.8,27,25,Male
732,12522,6734,4100,7,2012,4,5056,3,35.71428571,28.33333333,36,34,Female
4532,10958,2890,110,9,2000,2,3536,98,44,32,30,31,Male
2465,18752,8208,6652,5,2011,5,8079,40,51.2,42,35,39,Male
2432,8820,2780,1278,4,2000,2,3608,201,36,26.5,25,32,Female
758,21332,9462,9076,8,1997,3,11112,22,24.6,32,25,32,Male
6956,30626,11150,7732,8,1994,5,12520,6,24.66666667,26.33333333,25,33,Male
1872,8196,2185,630,8,1993,3,4139,176,43.125,32.5,47,31,Male
2988,10214,2080,480,6,1995,5,5146,113,28.8,30.8,19,26,Female
3248,19270,4454,576,14,2003,8,11568,137,40,39,34,31,Female
476,10244,5318,4944,13,2004,2,4450,140,40.44444444,54.5,42,69,Male
4368,17663,6064,4030,9,1994,4,7231,41,38.66666667,39.25,39,21,Male
2009,8202,2271,262,10,2011,1,3922,23,44.75,31,32,31,Male
1170,11424,5298,4128,12,2003,1,4956,17,43.7,33,35,33,Male
3662,13154,4760,1486,11,2003,2,4732,11,46.4,30.5,45,36,Male
7932,24388,8146,5750,9,1995,4,8310,64,36,41.5,46,32,Female
2623,8659,2071,195,8,2011,4,3965,0,54.14285714,62.66666667,65,74,Male
713,11249,2932,2447,11,1996,2,7604,115,33.77777778,46.5,42,36,Male
2763,14320,3360,985,15,2011,3,8197,109,43.375,30.5,43,27,Male
613,4926,2505,1892,5,2006,1,1808,36,38.25,30,39,30,Male
3360,15960,8450,6710,7,1998,2,4150,11,36,34.5,34,35,Male
984,7086,2530,1792,9,1994,2,3572,105,40.83333333,33.5,32,26,Male
7214,17732,8718,3328,4,1999,4,1800,65,25.75,39.25,25,22,Male
196,17220,11254,11058,12,2009,1,5770,0,44.5,42,11,42,Male
1260,15296,3522,2372,16,1990,2,10514,378,35.90909091,22,35,38,Male
3246,31648,5980,3872,29,2008,5,22422,645,40.65,34.4,29,31,Male
5690,15500,6803,1841,8,2010,5,3007,108,37.75,36.5,48,40,Male
1036,23252,6572,5772,13,1989,3,15644,210,36,25.5,38,22,Male
3745,14573,2058,86,10,2010,3,8770,47,44.6,44.33333333,42,32,Male
2072,5100,1875,203,2,2010,2,1153,34,62,45.5,62,65,Male
667,4968,1686,1019,8,1998,1,2615,20,40.625,34,47,34,Male
2030,20724,6284,4254,15,2006,1,12410,175,47.72727273,33,36,33,Male
1801,5708,2736,1635,5,2013,5,1171,393,46.2,31.75,51,40,Male
3556,21982,5272,3814,16,1999,5,13154,7,32.33333333,29.4,22,56,Male
2660,20938,10040,8260,10,1995,4,8238,32,43.85714286,44.25,41,32,Male
4908,22288,8418,6234,10,1997,6,8962,115,54,29.2,33,22,Male
1200,15294,4104,3184,17,1988,3,9990,172,39.28571429,38,33,40,Male
1438,9399,2757,2149,11,1990,4,5204,242,45.9,38,35,34,Male
1370,8754,2295,1551,7,1982,4,5089,41,25.66666667,28,30,28,Male
4196,30524,6284,1240,8,1999,5,20044,52,39.85714286,31.6,41,34,Female
2371,4484,611,374,8,2001,7,1502,1,32.14285714,31.33333333,61,49,Female
5962,13814,3334,1630,6,2009,6,4518,48,41.5,51.5,36,66,Male
832,3558,1051,334,4,2011,2,1675,38,48.5,31,55,26,Male
1364,4056,1460,206,5,2011,2,1232,11,53.8,27.5,47,25,Male
7826,13630,3308,2766,9,1999,16,2496,18,39.85714286,37.14285714,17,29,Female
1716,7020,1504,600,10,1989,4,3800,8,51.11111111,39,55,43,Male
1464,17728,8002,6946,5,1994,2,8262,264,45.2,39,32,31,Male
685,4718,1528,1160,5,2007,2,2505,21,52.6,40.5,49,22,Male
2671,11290,7618,6971,3,2010,5,1001,64,31.33333333,26.6,22,25,Female
6592,23878,11194,9040,14,1999,10,6092,38,39.4,36.57142857,30,41,Male
718,10330,2240,162,7,2002,3,7372,25,34.5,49,35,31,Female
9754,24124,9158,2178,4,1999,6,5212,25,36.33333333,26,37,23,Male
4584,18784,4518,1106,10,1996,3,9682,154,42.375,31,34,32,Male
3302,13919,4116,956,10,2002,8,6501,58,45.28571429,26.5,33,43,Female
7164,16102,8938,1774,1,1999,1,0,150,69,30,69,30,Male
972,10794,1837,377,12,1989,4,7985,4,45.18181818,39.33333333,28,47,Female
500,5474,1668,1414,6,1981,2,3306,78,49.5,36,56,36,Male
3540,22846,8354,1872,6,2004,7,10952,47,39.5,25.5,29,42,Female
12108,22694,4356,792,11,1993,11,6230,3,43.28571429,38.66666667,53,21,Male
3944,11760,3930,1450,5,1997,2,3886,50,34,37.5,50,32,Male
2162,13956,5903,4833,9,2009,3,5891,12,43.22222222,40.66666667,40,36,Male
2807,13356,6705,4431,5,1989,3,3844,36,41.8,24.66666667,48,31,Male
8112,29106,14214,8512,13,2000,6,6780,122,45.27272727,32.4,36,34,Male
3284,17372,4372,1326,9,2005,3,9716,210,37.33333333,29,32,24,Male
864,12073,7005,6141,9,2009,1,4204,24,50.42857143,60,48,60,Male
286,16260,4200,130,12,1996,3,11774,48,43.71428571,40,39,46,Female
7694,19636,8940,6108,9,1993,4,3002,16,42,35,44,34,Male
1992,18274,7848,2042,7,2014,4,8434,133,39.33333333,34,23,20,Female
1080,24064,14490,13692,8,1998,3,8494,19,39.8,43.66666667,35,69,Male
901,14621,7633,7019,11,1989,2,6087,141,41.57142857,43,34,7,Male
1645,11906,5566,3921,6,2010,1,4695,103,50.2,36,36,36,Male
1147,6294,2306,1085,8,2003,6,2841,67,30,29.8,25,31,Female
4704,18826,6660,3120,13,2003,5,7462,549,43.23076923,43.75,56,45,Male
2935,12111,4993,3758,10,2012,4,4183,102,44.2,46.66666667,58,35,Male
9230,25338,7426,5386,7,1995,10,8682,8,34.57142857,27.7,34,35,Male
3612,24168,13874,11274,5,2007,4,6682,49,49.4,39.66666667,27,28,Male
3724,26730,12254,8860,17,1982,4,10752,14,46,50,33,39,Female
1224,7446,1777,399,8,2003,4,4445,118,37.14285714,32.5,24,23,Female
1154,13192,5308,4402,8,2000,3,6730,72,30.875,42.33333333,32,30,Male
2016,19924,8974,8008,9,1996,3,8934,20,47.25,29,35,23,Male
3532,13352,6352,4328,6,2008,4,3468,3,35.5,37,48,18,Female
2955,6904,2686,1557,7,2013,6,1263,17,32.5,33.33333333,26,43,Male
1350,13762,3476,3068,21,1993,4,8936,386,46.46666667,36.5,47,33,Male
102,13486,4862,4760,16,1987,1,8522,103,38.33333333,26,43,26,Male
7596,43768,15708,10928,9,2009,6,20464,60,35.5,27.25,43,37,Male
3588,22974,9264,7434,15,1997,3,10122,10,41.44444444,37,43,33,Male
4784,17523,7128,3880,10,2004,6,5611,37,34.44444444,39,29,23,Male
1142,4738,2462,2072,5,2000,3,1134,24,45.66666667,29,54,42,Male
1787,13375,3871,2303,7,2009,2,7717,10,56.66666667,60,78,60,Male
3092,21584,10098,7906,10,1995,5,8394,144,48.4,44,41,41,Male
203,4267,2341,2138,7,1972,1,1723,138,50.8,25,42,25,Male
8604,16158,5490,792,6,1990,2,2064,448,48,31.5,38,35,Male
390,9648,3284,2894,6,1996,1,5974,75,45.66666667,25,37,25,Male
2928,12632,7344,4526,2,2002,2,2360,45,45.5,25,52,36,Male
6416,27560,12276,6022,9,2001,7,8868,9,37.55555556,28.57142857,19,44,Female
1252,19958,6164,5702,13,1989,4,12542,245,42.83333333,38.66666667,39,37,Male
2778,18132,4508,1730,10,2000,1,10846,303,47.77777778,35,26,35,Male
1566,13756,2594,534,11,1999,4,9596,28,28.25,25.25,20,29,Female
2756,22344,11972,9898,7,1998,3,7616,11,46,53.5,59,55,Male
3352,22164,7408,4056,6,1997,1,11404,261,43.8,27,46,27,Male
0,3270,2580,1890,1,2013,1,690,293,63,49,49,63,Female
8032,16948,4500,300,9,1990,2,4416,27,48.44444444,35.5,24,39,Male
1598,5918,1934,850,4,2004,4,2386,154,43.33333333,28.75,27,31,Female
2180,12286,2328,622,11,1995,2,7778,15,27.75,30.5,32,20,Male
5987,21835,6581,4646,9,2011,8,9267,49,44.11111111,43.2,43,37,Male
2313,10274,3409,1297,8,2011,4,4552,44,50.4,27.25,17,43,Female
12596,31430,8904,2636,13,1986,4,9930,94,49.7,37,51,38,Male
3472,16058,2740,1044,18,2005,5,9846,393,39.27777778,38.2,16,15,Male
5146,13486,5326,3300,4,1999,5,3014,156,46.5,40.2,32,31,Female
6148,11216,4912,4756,1,1994,7,156,6,22,30.33333333,17,22,Female
2964,7244,2074,576,4,1987,2,2206,32,34.66666667,26.5,45,21,Male
12226,18481,4304,3203,4,2011,12,1951,186,38.33333333,42.66666667,23,27,Female
10146,41260,24376,17822,7,2000,7,6738,44,30.5,31.5,34,29,Male
342,4728,2143,1960,9,1986,2,2243,13,39.375,34,29,24,Male
3058,7948,2348,1071,4,2006,4,2542,55,35,31.5,30,30,Male
2768,21736,4730,3476,13,2005,5,14238,69,42.61538462,32,34,25,Male
6032,15498,5292,700,4,2000,3,4174,118,41.75,33.33333333,42,37,Male
1125,9442,3463,2607,6,2011,3,4854,129,48.5,38,36,42,Male
7220,19300,6672,3200,8,1998,5,5408,139,56.4,41.6,62,14,Male
325,15173,7990,7665,6,2010,1,6858,239,32.33333333,37,28,37,Male
1250,7888,3484,2444,8,2014,2,3154,188,37,43,32,45,Male
1903,10597,3985,2832,10,1991,3,4709,35,48,33.33333333,36,33,Male
2474,12188,6422,3130,1,2001,3,3292,1,34,40.33333333,33,34,Female
2677,12914,4422,2163,6,2011,2,5815,60,29.33333333,25,21,25,Male
3352,15268,6436,4210,8,2001,6,5480,61,41,35.33333333,43,46,Female
881,9135,5782,5150,4,2009,3,2472,2,42.5,42,47,37,Male
472,7650,2422,528,7,1998,2,4756,74,40.57142857,22,19,24,Female
11408,26450,8582,4918,6,1994,8,6460,21,43.25,29.33333333,53,44,Male
4254,15000,3472,1356,10,1997,7,7274,14,30.11111111,33.83333333,41,22,Female
2724,14610,4154,1798,8,2009,3,7732,8,44.85714286,21,80,21,Male
4682,12229,4215,1622,6,2001,4,3332,55,50,46.33333333,53,52,Male
7050,28758,5538,2544,11,2009,5,16170,2,42.8,42.8,51,61,Male
908,13314,6580,5672,8,2010,1,5826,323,44.75,35,36,35,Male
1192,7466,3150,2140,8,1987,2,3124,57,43.375,33.5,33,26,Male
1614,22802,9068,8256,13,1999,3,12120,49,52.4,45,59,47,Male
4351,7989,2362,73,4,2010,4,1276,59,33.66666667,46.25,37,31,Male
3410,14388,5360,3248,9,2002,4,5618,100,42.25,28.66666667,62,28,Male
3610,21372,10540,7452,4,1994,5,7222,218,34,24.2,31,12,Male
6432,18636,6386,1924,8,2007,7,5818,23,46.2,28.4,22,23,Male
7876,20010,6854,3170,5,1997,4,5280,11,33.2,34.5,23,20,Male
290,6824,2594,2411,12,2009,2,3940,43,50.66666667,33.5,72,28,Male
888,6753,4007,2716,5,2011,4,1858,32,57.6,47.5,62,62,Female
1226,9488,4539,1866,5,2009,6,3723,131,37.6,42.6,60,51,Female
3013,10203,4634,3013,4,2005,2,2556,8,46,31.5,32,20,Male
13054,39038,11788,1472,8,1997,4,14196,75,46.375,35.75,49,48,Male
3718,16338,4924,190,5,2011,8,7696,12,40.4,35.14285714,22,34,Female
835,7068,2555,1985,7,1975,3,3678,1103,41.33333333,51.33333333,48,38,Male
1641,7461,2507,1940,12,1978,6,3313,382,32.54545455,32,46,41,Male
4838,23822,9970,8122,20,2001,6,9014,46,31.5,30.4,27,21,Male
2564,21380,10636,8948,10,1992,2,8180,23,38.5,32,36,22,Male
6570,19312,10216,5844,8,1996,5,2526,303,28.75,26.5,34,27,Male
6772,57524,28102,25822,27,1991,7,22650,145,47.26086957,35,36,42,Male
3262,11246,2755,1322,10,1995,5,5229,69,45.77777778,42.25,49,30,Male
5682,22448,11628,8540,4,2007,8,5138,180,32.66666667,28.66666667,20,38,Female
1941,11329,2550,1116,11,1993,2,6838,844,41.63636364,20,46,26,Male
1597,6384,2608,1225,3,1993,3,2179,5,34,28,30,28,Male
3916,9836,4010,2540,5,1995,8,1910,14,20.66666667,18.66666667,17,16,Male
1441,15187,5040,4255,10,2010,2,8706,153,58,42.5,50,44,Male
3360,18967,8665,6045,12,2007,5,6942,188,30.83333333,25,25,35,Male
1058,11016,4456,3640,7,2008,2,5502,260,47.28571429,36.5,39,33,Male
898,13956,4126,982,4,1999,3,8932,54,43,45.66666667,35,39,Female
486,3747,1396,910,4,2005,1,1865,27,48.66666667,30,36,30,Male
3233,12967,3056,15,11,2011,9,6678,39,48,43,44,55,Female
4380,11012,5202,2242,7,2008,6,1430,18,46.8,46.16666667,71,49,Male
240,15468,6216,5976,7,2003,1,9012,160,46,27,41,27,Male
2666,18930,4478,518,7,2009,3,11786,7,49,43,64,80,Female
206,9078,7066,5754,5,1995,2,1806,64,43.2,32,32,37,Female
3079,13831,3211,2391,14,2012,6,7541,162,38.77777778,34.4,44,30,Male
1282,14996,5446,5022,9,1987,5,8268,145,45,33.75,41,35,Male
2096,20280,6794,5162,8,1998,4,11390,241,49.125,50,42,44,Male
444,28192,9956,9650,21,1999,2,17792,109,40.11764706,29,38,28,Male
6262,21036,7082,3658,10,2001,4,7692,23,34.33333333,35.75,54,41,Male
289,4536,1935,1646,6,2012,1,2312,136,29.33333333,42,19,42,Male
1474,11310,6226,5408,8,1992,2,3610,2,38.33333333,35.5,37,44,Male
3416,18272,7700,4452,8,1999,2,7156,5,47.85714286,49.5,61,53,Male
1858,10090,6927,6062,6,2011,4,1305,86,42.66666667,37,36,29,Male
1716,8809,1314,96,20,2012,4,5779,198,52.66666667,54.25,63,66,Male
3303,19192,9278,7927,12,2011,6,6611,63,44.2,39.66666667,42,47,Male
121,2518,681,560,8,1994,1,1716,880,47.25,39,46,39,Male
2418,15332,4452,3326,18,2000,5,8462,63,48.64705882,42.5,34,32,Male
7582,21638,7736,4220,7,1995,4,6320,2,34.4,45.33333333,38,36,Male
9202,31890,5560,2198,28,1996,11,17128,26,46.17647059,48,45,37,Male
2879,13185,4870,2162,7,2012,2,5436,72,38.6,32.5,31,29,Male
1950,11490,3976,2334,11,1995,2,5564,26,41.75,23.5,41,12,Male
1530,19218,13478,12060,9,2005,2,4210,32,50.4,34,41,34,Male
648,2624,1572,1168,1,2003,3,404,64,29,23,19,29,Female
1504,8760,2996,196,4,2000,6,4260,44,30.75,28.33333333,14,14,Female
1554,8616,4209,3228,7,2011,3,2853,0,39.66666667,48,42,35,Male
8466,40928,6834,4594,23,1999,12,25628,38,44.88888889,36.88888889,37,39,Male
4692,24842,6724,4178,13,1989,4,13426,109,42.2,37,40,39,Male
1356,9470,3230,2490,14,1999,4,4884,59,42.5,31,55,35,Male
2397,14890,8864,7658,4,1993,5,3629,23,58.25,55.5,58,42,Male
1107,11613,2502,1904,7,2011,4,8004,5,43,47,52,49,Male
4886,13976,5708,3186,4,2007,4,3382,2,47.33333333,33,40,38,Female
6367,16373,7954,3797,5,2008,10,2052,173,38.8,36,40,39,Male
2404,6489,2012,1103,4,2011,4,2073,3,37,25.25,37,36,Female
4618,25492,11000,6382,5,1998,1,9874,82,50.8,27,61,27,Male
3646,19518,10642,7428,3,2000,2,5230,41,40.33333333,39,33,33,Male
2047,7890,2801,1368,6,2006,3,3042,84,39.83333333,32.33333333,30,41,Male
0,4634,1607,225,4,1997,1,3027,48,41.5,30,30,36,Female
1710,13788,4107,3102,13,2002,3,7971,197,38.90909091,43.66666667,40,72,Male
1162,11184,4822,4304,8,2008,4,5200,37,44.5,36.66666667,42,32,Male
807,4437,2438,1916,3,1990,2,1192,126,60,63,50,66,Male
1720,15066,5104,4074,11,1996,4,8242,356,44.3,40.66666667,34,59,Male
3346,19598,5624,2278,8,2000,1,10628,347,43.625,28,38,28,Male
889,3164,1486,597,5,2001,1,789,48,27.5,35,46,35,Male
3288,18472,5344,2056,9,1987,7,9840,179,53.28571429,48.33333333,41,23,Female
4068,14626,4336,694,7,1997,4,6222,17,52,63,55,63,Male
3560,13484,4594,1566,10,1998,3,5330,224,50.4,46,37,35,Male
3274,12458,5088,3960,11,2001,6,4096,11,49.33333333,46.16666667,33,38,Female
7624,27086,10782,7120,10,1999,7,8680,7,38.375,30.4,30,35,Male
4392,21738,12210,10336,8,1999,8,5136,25,24,35.83333333,50,40,Female
0,2173,1160,466,3,1995,1,1013,2,43.5,29,29,51,Female
4022,22762,5025,694,14,2011,7,13715,16,52,45,31,29,Female
2032,13018,2778,1700,10,1999,3,8208,50,40.9,35.66666667,34,28,Male
3440,18402,8010,4830,7,1999,9,6952,95,35,26,24,31,Female
1921,6841,2672,1412,8,2010,5,2248,23,47.14285714,38.4,46,36,Male
4076,14330,4436,2980,5,1995,4,5818,16,50.75,32,32,37,Male
0,1658,789,430,4,1993,1,869,157,40.33333333,39,39,41,Female
2563,7167,3526,2705,4,2009,5,1078,22,48.75,43.2,52,75,Male
381,7089,2483,527,5,2009,3,4225,44,41.75,47.5,33,42,Female
5146,15363,6350,1204,10,1939,1,3867,45,49.8,34,38,34,Male
992,7927,5267,4611,3,2011,4,1668,77,48.66666667,35.66666667,30,64,Female
1988,14720,8468,7520,7,1999,4,4264,198,35.71428571,35,39,35,Male
6649,14390,3659,481,9,2000,9,4082,40,46.44444444,37.25,63,31,Male
5007,11671,6664,3102,1,2013,2,0,95,51,33,51,32,Male
4408,31942,19892,18182,7,2009,4,7642,27,33.66666667,43.5,27,58,Male
1046,20248,5222,4176,13,2001,1,13980,281,41.4,34,40,34,Male
906,18760,3230,650,13,2004,3,14624,176,42.91666667,36,35,43,Female
1420,17148,5646,4384,14,1999,2,10082,18,39.16666667,28,32,30,Male
3228,9715,3076,745,8,2013,4,3411,0,33,41.5,33,53,Male
5940,19630,7794,3048,5,1980,4,5896,177,25.75,43.66666667,20,44,Male
6428,30354,9494,3476,14,1998,2,14432,69,41.45454545,31,37,29,Male
2126,10265,4234,2108,3,2009,1,3905,11,45.66666667,28,55,28,Male
3324,14073,5240,3760,7,2012,5,5509,61,33.4,46.4,16,27,Male
1884,15570,5189,3305,10,2011,1,8497,41,37.875,38,29,38,Male
2767,9847,4618,3140,6,2012,5,2462,19,27.33333333,32.8,20,22,Male
2321,5845,3057,1854,3,1989,2,467,126,21,20.5,30,9,Male
816,13556,7076,6712,12,1993,4,5664,162,55.875,38.5,39,63,Male
1464,13776,10332,9604,5,2002,3,1980,69,36.2,31,26,29,Male
2578,10506,2804,2082,10,2002,6,5124,48,42,42,29,28,Male
3470,9110,3558,1894,4,1993,4,2082,84,50.66666667,36,46,11,Male
1602,14648,8370,7654,10,2008,4,4676,105,39.77777778,42,30,22,Male
486,12286,3944,330,5,2000,2,7856,63,34.75,27.5,27,25,Female
3990,17666,6016,3282,11,1998,7,7660,75,33.83333333,32,23,22,Male
122,2276,1268,864,4,1991,2,886,89,27,29,28,29,Female
736,15785,7675,7251,10,1997,2,7374,33,38.2,13,42,13,Male
7110,16742,9518,9404,1,2009,9,114,55,47,32.8,26,47,Female
7123,18434,5642,2996,7,2005,10,5669,52,40.5,39.3,20,31,Female
1814,11874,3879,2749,8,2011,3,6181,31,53,31.66666667,40,32,Male
4194,23950,6752,5074,18,1993,4,13004,48,35.44444444,25.33333333,53,27,Male
1642,15580,4120,166,9,2002,4,9818,45,43,34,25,30,Female
756,14298,7768,4990,5,2008,4,5774,15,42,42,26,58,Female
8582,25982,11556,3928,6,1991,2,5844,12,46.5,34.5,60,56,Male
4582,14170,4810,2872,8,2008,7,4778,41,48.625,37.71428571,46,33,Male
8528,18744,9974,4878,2,1954,2,242,30,41.5,38.5,46,25,Male
5762,18687,4160,1362,10,2011,10,8765,41,39.2,46.5,26,53,Female
124,19058,8392,8268,7,2000,1,10542,37,44.57142857,24,28,24,Male
3750,7522,2812,755,3,2010,5,960,21,41.33333333,37.25,24,29,Male
1012,10942,2454,1442,12,1990,1,7476,57,49.08333333,71,40,71,Male
2930,13302,7126,5306,6,2008,4,3246,27,46.33333333,40,34,60,Male
931,7344,2263,1332,5,2012,1,4150,112,34.75,36,32,36,Male
6383,14014,5792,4385,3,2011,6,1839,40,28.5,25.66666667,31,29,Female
4648,18864,8572,3924,6,2008,1,5644,21,36,26,26,26,Male
3988,20454,7300,332,6,1999,9,9166,260,53,42.42857143,32,50,Female
999,9147,2891,2368,10,2013,3,5257,28,46.25,31.66666667,35,29,Male
467,7316,4570,4103,7,1998,1,2279,261,40,39,26,39,Male
1626,16402,9260,8044,5,2001,3,5516,347,45,25,29,28,Male
1721,9007,4414,3147,6,2012,3,2872,2,47,37,37,47,Female
340,8772,1776,1436,12,1993,1,6656,68,24.58333333,42,27,42,Male
1855,17065,8621,5090,6,2013,5,6589,89,45,47.25,54,57,Female
2916,16106,9764,8402,4,2004,5,3426,77,46,30,42,33,Male
6935,20247,8340,5121,8,2010,7,4972,34,27,24.28571429,22,26,Male
3910,15060,3438,1108,7,2000,6,7712,143,28.57142857,33.16666667,36,27,Female
1562,20310,8838,7276,13,1995,1,9910,200,42.9,23,58,23,Male
17658,33402,6130,3602,7,1995,8,9614,85,43.28571429,41.85714286,36,35,Female
7650,28612,10814,8732,10,2005,5,10148,34,34.85714286,28.8,34,36,Male
4496,10920,4839,1951,5,2012,5,1585,6,55,42,53,49,Male
13530,29954,11654,9494,6,2008,10,4770,185,45.66666667,46.14285714,43,54,Female
4280,14760,6746,2466,2,1989,1,3734,54,31.5,27,29,27,Male
4664,18248,5856,3038,12,1998,5,7728,185,36.66666667,44.5,28,26,Male
2012,5422,2344,332,5,1994,1,1066,5,43.75,28,30,28,Male
1937,4246,2084,817,2,2011,3,225,4,42,26.5,33,26,Male
5228,18864,7260,3668,9,2001,4,6376,17,54.625,40,42,41,Male
3288,12592,6644,3356,4,2001,1,2660,411,42.33333333,29,38,29,Male
1141,7446,2309,1689,8,2007,3,3996,405,50.85714286,35.33333333,44,35,Male
4728,27072,11020,7930,5,2004,5,11324,100,38.2,37.25,44,43,Male
5916,20260,8686,3230,10,1998,2,5658,75,43.5,36,44,40,Male
9172,25458,10520,6394,11,2002,7,5766,14,45.25,28.6,62,43,Male
0,5171,3108,2315,3,1992,1,2063,100,38.33333333,30,30,31,Female
1789,19960,6384,1364,8,1993,4,11787,13,38.25,35,49,25,Female
1686,10456,4994,3506,5,1999,2,3776,503,26,27,44,27,Male
2277,7350,2797,2143,5,1993,6,2276,266,33,33.16666667,37,31,Male
3058,12470,6494,4418,7,1999,2,2918,172,43.28571429,30,36,19,Male
4176,28970,6298,3708,14,1996,6,18496,48,40.7,27.5,41,34,Male
1068,17460,6210,5296,11,2008,2,10182,170,36,24,52,24,Male
5894,15440,4266,1545,15,2012,6,5280,169,45.16666667,35.33333333,29,22,Male
1816,20670,6083,5205,15,2010,4,12771,106,39.61538462,29.5,27,25,Male
1412,9480,1918,44,8,1998,4,6150,27,36.42857143,33,33,54,Female
5248,14376,4854,1956,8,1987,5,4274,22,35.28571429,39.5,38,31,Male
3212,13947,7621,4409,5,2011,1,3114,60,34.75,38,31,38,Male
6206,24656,7610,1822,5,1998,2,10840,68,49.4,40,61,40,Male
7372,14751,2571,102,5,1985,6,4808,92,33.25,24.4,23,23,Male
1688,10129,3181,1620,10,2005,2,5260,515,49.375,26,34,24,Male
1025,9001,2024,999,11,1980,1,5952,937,43.2,24,38,24,Male
1788,9041,2339,1621,15,1999,3,4914,813,47.15384615,25.66666667,47,18,Male
10688,27600,11634,7964,4,1998,5,5278,168,34.66666667,49.66666667,52,48,Female
3594,12714,2892,1596,11,2001,7,6228,1,28.85714286,34.33333333,34,29,Male
6314,21228,9736,5734,8,1995,5,5178,15,40,29,33,37,Male
5076,16770,4938,2014,9,2008,5,6756,14,47.71428571,43.75,34,74,Female
166,7939,2029,1863,11,2011,1,5744,139,33.5,20,14,20,Male
774,12276,4871,4097,7,2007,1,6631,153,27.14285714,19,24,19,Male
2472,10482,3228,1076,4,1984,5,4782,35,45.5,35,43,28,Female
3215,12471,5308,3201,12,2009,3,3948,44,34.66666667,33,31,36,Male
1806,7180,3390,2312,5,2004,4,1984,12,40,42.33333333,36,37,Male
8732,17940,5686,1472,6,1997,6,3522,8,41.6,35.5,66,18,Male
1840,18118,7994,7382,5,1996,6,8284,8,28,26.33333333,30,26,Male
1004,5713,2765,2058,3,2001,3,1944,107,38,25,47,35,Male
1189,17147,1934,1486,26,2005,3,14024,68,46.88235294,33,44,33,Male
4046,11812,5744,2696,7,2011,6,2022,1,44.33333333,43,37,34,Male
4432,21436,8446,5560,7,1999,4,8558,139,36.85714286,33.25,29,27,Male
9568,16854,3228,324,4,2010,10,4058,0,50,35.375,57,44,Male
2415,12248,3974,1971,8,2012,4,5859,239,49.57142857,30,41,29,Male
456,9000,3710,738,8,1984,2,4834,99,39.5,27,28,28,Female
1661,3963,1424,652,4,2009,4,878,145,29.33333333,35,33,34,Male
4943,13820,4763,3067,5,1991,4,4114,93,38.2,39,35,52,Female
6930,23008,5170,482,9,1998,7,10908,326,44.66666667,38,34,26,Male
9260,19556,5968,145,8,2012,9,4328,73,46.25,30.57142857,43,40,Male
5413,20597,4048,1056,11,2011,4,11136,198,44.66666667,34.75,28,30,Male
271,8220,2511,2367,8,1999,2,5438,103,31.75,22,38,24,Male
1196,7482,1482,702,8,1993,3,4804,113,35.57142857,28.5,23,34,Male
1466,6359,1146,419,9,2004,3,3747,9,36.5,24.33333333,49,24,Male
565,8789,2756,2191,13,2011,1,5468,26,47.84615385,47,53,47,Male
5472,17472,5306,2722,8,1990,6,6694,2,62.33333333,47.66666667,44,49,Male
520,6644,2242,1894,15,1993,2,3882,118,46.42857143,35,42,37,Male
104,3710,1961,1857,7,2001,1,1645,117,42.14285714,22,31,22,Male
1138,10874,4762,4190,7,1996,4,4974,32,27.66666667,25.5,25,20,Male
2874,14606,5344,3404,8,1990,4,6388,34,49,40.5,48,30,Male
672,9476,2802,156,6,2006,2,6002,19,37.6,30,26,39,Female
4116,26304,5232,3666,17,2004,4,16956,186,44.3125,37,36,28,Male
5678,15732,5696,2378,6,1994,4,4358,303,47.2,25.66666667,47,36,Male
226,23842,11662,11436,15,1993,1,11954,25,36.46666667,50,24,50,Male
1806,14178,4934,1254,10,2008,6,7438,231,29.11111111,24.66666667,18,22,Female
864,7648,2898,2458,8,1988,2,3886,237,44.16666667,29,44,32,Male
2682,14546,9028,6346,9,2005,1,2836,31,45.625,51,36,51,Male
8526,32538,10878,3848,8,1997,4,13134,12,44.625,32.5,37,28,Male
786,8754,5734,5349,8,2009,3,2234,103,41.85714286,37,40,32,Male
434,12146,4266,824,7,1983,2,7446,15,41,34,38,42,Female
3411,10606,5877,3333,4,2009,4,1318,97,36.5,30.33333333,48,24,Male
3110,8026,1377,13,9,2010,8,3539,121,37.22222222,41.85714286,32,38,Male
200,15316,5208,5008,18,2008,1,9908,100,49.16666667,32,46,32,Male
1376,20814,9462,8436,8,1982,2,9976,159,57.5,33,57,36,Male
1317,2987,1372,1074,1,1958,3,298,29,70,32,25,70,Female
5084,16266,5064,2302,7,2007,4,6118,11,45,51.66666667,60,47,Male
4728,22758,7838,4518,17,1997,8,10192,81,52.85714286,36.75,54,28,Male
3290,19578,8746,6536,13,1987,5,7542,97,48.58333333,27.5,43,27,Male
677,8562,1902,1366,11,2011,2,5983,15,46.625,32,44,32,Male
696,12572,3244,2548,10,2010,1,8632,2,39,16,32,16,Male
1881,8619,3705,2974,10,2010,8,3033,1,44,47.5,40,49,Female
3958,30788,9884,1834,12,1990,5,16946,30,49.2,37.6,23,26,Female
1510,17823,6372,5654,9,2007,3,9941,212,50.11111111,40,54,39,Male
8200,18396,3916,1550,8,1998,7,6280,55,42.33333333,33.5,34,29,Male
1448,10470,5442,4176,3,1999,2,3580,195,51.66666667,33,52,33,Male
3454,11806,4166,2784,7,1988,5,4186,121,36.28571429,53.33333333,18,79,Male
1431,16839,11718,10437,12,2013,2,3690,125,42,25.5,39,23,Male
3404,21864,10402,8284,6,2000,2,8058,31,43.83333333,32.5,56,43,Male
3918,10944,3788,830,6,1999,2,3238,217,51.33333333,30.5,46,33,Male
3392,10346,5220,2956,8,2008,2,1734,31,44.2,32.5,56,44,Male
246,4421,1432,1299,5,2000,2,2743,253,51,26,61,34,Male
6128,24012,9612,6554,10,2008,11,8272,118,36.6,27.66666667,46,28,Male
8564,21806,8422,276,5,2000,3,4820,14,34,27,33,36,Male
3664,26362,9450,1178,7,1998,5,13248,215,46.57142857,41.8,37,42,Female
10582,33636,14794,8124,11,2009,6,8260,17,38.11111111,38.2,21,21,Male
1277,12750,3787,1131,17,2012,3,7686,104,45.25,35.66666667,35,43,Female
2209,4950,2237,1175,3,2011,4,504,38,53,41.25,29,26,Male
2023,5313,1666,648,5,2001,3,1624,64,39.25,31,31,36,Male
487,7960,3741,3375,11,1992,2,3732,15,45.09090909,40,44,43,Male
404,2273,1170,815,3,2000,4,699,59,38.66666667,42.5,36,31,Female
2414,8670,3282,2129,7,2009,5,2974,18,27.25,34.4,26,19,Male
1659,8751,4760,3947,7,1990,3,2332,44,35.71428571,23.33333333,33,20,Male
713,3358,762,101,5,2010,4,1883,368,44.4,51.25,44,47,Female
0,3598,712,34,7,1997,1,2886,90,44.85714286,48,48,51,Female
1287,9063,3703,2416,6,1997,1,4073,50,36.33333333,28,27,28,Male
1911,8560,1451,90,11,2010,3,5198,1,35.83333333,63,43,63,Male
2183,4923,1202,287,5,2007,6,1538,64,28.8,39.83333333,28,22,Male
1082,7825,3444,2932,5,1990,3,3299,180,43,31,29,37,Male
1923,7629,1525,597,11,2010,4,4181,8,54,36,31,35,Female
816,4071,2547,1953,2,1988,4,708,120,45,32,40,43,Female
1819,8199,4718,3445,8,2007,4,1662,160,55.5,49.75,53,38,Male
4198,9770,1806,622,6,1988,6,3766,155,51.5,37.2,32,42,Female
1301,6701,1812,511,9,2002,1,3588,0,35.66666667,34,24,34,Male
1433,4832,1272,358,8,2007,3,2127,103,54.71428571,33.66666667,70,32,Male
299,5820,3858,3698,6,1986,2,1663,41,37,38,32,45,Male
1339,6043,1590,878,9,2004,2,3114,73,42.875,30.5,28,25,Male
2694,7470,3907,1612,6,2010,4,869,10,45.66666667,18,30,30,Male
0,9231,2397,1315,18,2009,1,6834,11,52.77777778,37,37,39,Female
345,5009,2107,311,5,2007,3,2557,46,37.5,43.5,45,38,Female
833,8747,3406,814,3,2009,3,4508,5,27,35,27,29,Female
3002,6567,2062,600,6,2009,5,1503,33,40,24,29,28,Male
965,6197,4835,4202,3,2007,3,397,118,51.66666667,44.66666667,70,61,Male
258,4019,2917,2456,4,2006,3,844,10,37.33333333,37,37,38,Female
2213,7495,2436,1500,5,2006,4,2846,46,43.4,43,42,58,Male
245,6390,2523,2278,7,1999,1,3622,19,39.4,53,29,53,Male
3117,6341,1244,282,6,2000,5,1980,115,50.25,45,47,36,Male
1831,11116,2997,1781,10,1996,3,6288,39,50.33333333,32,56,32,Male
2767,6206,2234,842,4,2009,3,1205,7,42,35.66666667,53,38,Male
365,5271,2716,2391,12,1994,2,2190,191,38.11111111,39,48,48,Female
744,9104,3816,215,5,1980,2,4544,258,38.25,30,31,34,Female
1120,4769,1355,707,9,2010,4,2294,4,53.42857143,45.66666667,64,39,Male
2672,7878,3647,975,6,1997,1,1559,144,53.75,30,41,30,Male
1158,6596,3272,1967,6,2010,7,2166,7,41.5,39.16666667,36,42,Female
307,10043,4024,3827,9,2010,2,5712,49,40.83333333,55,55,55,Male
556,9582,2878,2478,9,1999,2,6148,26,43.14285714,44.5,44,43,Male
2552,9429,1228,619,12,2004,9,5649,76,38.83333333,32.14285714,40,32,Male
755,3536,1829,1074,4,2010,1,952,43,40.33333333,37,42,37,Male
0,4556,1537,813,9,2009,1,3019,45,56.25,32,32,33,Female
1138,7193,3966,2950,8,2013,2,2089,29,45.4,41,44,41,Male
1174,6978,3500,2432,6,1993,2,2304,133,48.6,40,46,44,Male
665,4563,1360,695,8,2009,1,2538,34,45.2,37,39,37,Male
979,4555,2465,2036,4,2010,4,1111,277,38.25,43,48,17,Male
2164,7074,2169,1175,5,2006,4,2741,166,38.4,37,57,46,Female
1823,10235,4122,2840,11,2005,7,4290,13,45.42857143,33.85714286,20,53,Female
938,6965,3045,1850,4,2008,2,2982,16,41.25,42.5,23,30,Female
2043,5612,1991,1517,6,2003,3,1578,13,50,46.66666667,28,49,Female
701,10827,5080,4672,10,2010,2,5046,47,48.875,29,54,29,Male
1262,3524,1220,434,4,2006,2,1042,49,46.66666667,24,41,12,Male
1152,6650,2104,1573,7,2003,3,3394,249,47,38.33333333,63,50,Male
1604,14678,7415,4201,7,2000,6,5659,203,42.83333333,39,33,64,Female
6765,19338,6837,4214,5,1982,6,5736,13,55.4,44.66666667,61,48,Male
565,6266,2200,680,7,1973,3,3501,195,42.83333333,28,41,34,Female
727,6214,1612,1106,10,2010,2,3875,113,49.44444444,34,43,28,Male
2802,6027,1595,694,4,1998,7,1630,74,26.33333333,27.83333333,18,23,Female
1672,5106,1399,493,5,2002,4,2035,23,40.4,42,48,43,Male
864,9566,3589,2911,9,2013,2,5113,3,41.375,47,37,49,Male
824,6222,2907,2211,5,1991,2,2491,86,38.8,31.5,42,34,Male
499,4496,2192,903,2,2005,4,1805,121,34,24.33333333,43,34,Female
7715,11233,1938,1497,5,2010,9,1580,41,45.2,43.22222222,61,36,Female
1333,6197,2111,1253,7,1994,4,2753,45,48.85714286,31.5,34,28,Male
1501,4268,873,164,5,1982,6,1894,107,19,23,23,19,Female
2105,5157,1236,306,8,1986,6,1816,44,35.42857143,25.5,38,22,Male
397,2096,551,261,5,1993,2,1148,33,37.5,37,58,43,Male
6206,10518,2590,1823,6,1991,9,1722,165,40,48.22222222,25,32,Female
832,1672,840,202,1,2005,2,0,149,43,39,43,39,Male
1493,8641,2638,1342,9,1999,2,4510,122,36.66666667,38.5,46,50,Male
675,7486,4881,4641,5,1997,3,1930,91,49.2,51.5,53,66,Male
2419,10950,4338,2324,11,1999,3,4193,176,47.57142857,34.5,45,41,Male
1154,7091,4782,3967,3,2010,2,1155,67,38,29.5,35,28,Male
962,12645,2812,2313,15,1972,3,8871,690,43.26666667,31.33333333,32,26,Male
2346,16793,5163,4191,16,1974,5,9284,266,40.66666667,29.75,34,28,Male
2850,13906,7899,5528,7,1990,4,3157,96,46.6,28.33333333,36,36,Male
750,7421,2472,1722,12,2010,1,4199,38,42.6,42,40,42,Male
572,3677,1278,472,5,2007,3,1827,73,43.75,23,18,64,Female
783,3296,858,182,5,1988,5,1655,37,54.4,19.66666667,25,44,Female
1774,3788,854,220,5,2002,4,1160,45,24.6,24.25,30,25,Male
661,3053,1040,379,5,1990,1,1352,11,38.2,26,29,26,Male
2015,12708,2884,1633,10,2009,4,7809,350,42.22222222,19.25,20,19,Male
2673,10804,3976,1717,11,1988,6,4155,2,30.88888889,27.2,17,19,Female
1786,4672,2011,929,3,2008,4,875,2,51.33333333,34.33333333,37,52,Male
5216,10118,4241,566,4,2013,5,661,27,38.66666667,33,39,29,Male
1261,8174,2543,944,12,1992,4,4370,40,37.5,28.5,36,36,Female
589,4073,1789,1331,6,2012,3,1695,6,53.16666667,45.66666667,67,50,Female
829,7158,2339,1510,7,2003,1,3990,97,30.4,54,17,54,Male
1733,6833,1501,371,6,1987,5,3599,22,47.8,34.66666667,46,37,Female
1793,12030,8538,7665,5,2007,3,1699,17,38.75,44.5,29,31,Male
1816,6097,2037,471,3,1999,2,2244,69,35,24.5,48,23,Male
1175,11918,4004,285,4,2010,4,6739,33,53,35,34,41,Female
1207,6077,1486,701,10,1981,4,3384,56,51.125,32.5,33,59,Female
2062,6199,1381,416,7,2003,8,2756,7,47.66666667,41.14285714,36,53,Female
2709,8482,4969,2402,4,2007,2,804,15,49.25,27.5,42,30,Male
1027,4167,970,116,6,2003,2,2170,74,39.33333333,28.5,37,31,Male
1400,8229,3943,2829,8,2006,3,2886,0,39.75,34,35,34,Male
5072,9791,3097,2231,4,2005,5,1622,44,54.5,55.6,33,34,Female
2507,7933,2618,491,14,2007,3,2808,8,39.58333333,49.33333333,61,32,Male
649,12004,8058,7523,9,2009,2,3297,38,43.5,40,39,32,Male
2050,14698,3863,2365,16,2009,3,8785,140,40.73333333,26,53,26,Male
1613,8565,4191,3622,8,2010,4,2761,7,39.83333333,32.25,18,19,Male
2881,5292,2179,544,2,2010,2,232,0,43.5,41.5,43,42,Male
1953,5357,1935,376,3,1983,2,1469,116,27.33333333,26,29,30,Male
2451,8081,1918,286,6,1987,4,3712,46,33.4,39.25,27,50,Male
1157,5705,1132,802,10,2003,4,3416,50,30.57142857,30.25,25,46,Male
1596,7462,1659,352,7,1997,2,4207,434,47,25,45,37,Male
1121,7369,2518,1531,6,1984,2,3730,235,38.16666667,37,23,37,Male
476,4155,1821,1615,7,2013,3,1858,1,50.16666667,37.5,27,51,Male
2702,8746,3246,915,9,1992,3,2798,1,44.5,19,35,27,Male
1338,8581,3782,2941,11,2001,3,3461,77,44.88888889,45,42,32,Male
1878,9986,5336,3808,7,1979,2,2772,367,50.71428571,30.5,42,30,Male
1696,7923,2273,1180,6,2013,5,3954,14,45.6,31,45,14,Male
2320,12940,6455,4135,7,2004,1,4165,55,40.66666667,69,48,69,Male
1378,10936,3136,1758,12,1992,1,6422,151,40.22222222,34,35,34,Male
731,3353,1516,1150,7,1988,3,1106,17,49.28571429,44.5,49,40,Male
2299,12056,4388,2924,7,1985,3,5369,37,34.33333333,21.5,23,18,Male
2155,5400,2931,776,2,1994,1,314,67,44.5,13,53,13,Male
1923,6630,3155,2181,2,2010,3,1552,58,41,45,25,32,Female
2891,5705,1552,597,5,2006,8,1262,7,45.2,39.42857143,33,31,Male
2852,8187,2638,691,6,2006,3,2697,79,50.5,22,43,34,Male
760,5605,3245,2862,4,1976,3,1600,102,39.25,29,34,24,Male
1193,11486,4993,4468,9,2007,5,5300,5,30.25,23.75,26,31,Male
1852,5832,1629,433,4,2003,3,2351,30,49.25,38.33333333,35,32,Male
685,4951,1965,1662,4,2012,3,2301,233,43.25,50.33333333,38,30,Male
1733,7164,1686,519,7,1987,2,3745,71,28.71428571,30.5,16,39,Male
859,3542,826,302,7,1997,3,1857,7,46.71428571,28.66666667,22,29,Male
2303,5875,2122,305,6,2000,3,1450,27,51,36.33333333,30,29,Male
3495,8954,2899,2241,9,2010,8,2560,1,49.28571429,39,34,55,Female
1856,7181,2690,2142,9,2004,7,2635,9,57,27.5,23,57,Female
693,5753,1348,1022,14,1996,3,3712,74,45,31,59,31,Male
1973,8614,4898,3636,4,1994,2,1743,212,51,40.5,38,32,Male
3692,7479,2798,2174,2,2004,7,989,120,34.5,24.85714286,18,26,Female
2595,5539,1258,431,4,2005,5,1686,77,49.5,39.2,26,46,Female
103,7267,1626,1523,11,1990,1,5538,56,29.09090909,26,31,26,Male
902,7440,2670,1768,10,2007,1,3868,61,47.66666667,47,46,47,Male
197,6581,1811,66,9,1998,2,4573,93,45.28571429,33,23,43,Female
1569,5129,727,43,12,1995,4,2833,75,30.45454545,29.75,52,28,Male
2088,12393,5176,1324,3,1996,4,5129,81,55,49.5,54,47,Female
5776,9221,1889,1176,4,2009,12,1556,1,60.25,37.41666667,51,61,Female
2182,8783,4630,2985,6,2002,4,1971,52,50.6,43.25,53,38,Male
627,3484,1851,1156,2,1996,4,1006,19,41.5,48.75,62,27,Female
3499,6292,1509,139,3,2008,4,1284,123,43,43.5,40,41,Male
1655,10085,3398,2126,12,1994,5,5032,34,43.90909091,31.5,14,42,Female
917,4319,1586,669,7,1991,1,1816,179,49.83333333,46,65,46,Male
339,2263,573,153,4,1987,3,1351,7,33.25,20.66666667,25,32,Female
2195,8330,2729,1200,8,2013,3,3406,18,60.66666667,81.33333333,43,84,Male
2956,6315,1927,715,2,2010,5,1432,2,27,37,25,27,Female
1139,5706,2987,2355,4,1994,4,1580,37,42.25,37,30,8,Female
1101,2879,659,11,5,1988,3,1119,104,25.75,18,20,19,Male
1611,4031,1072,308,5,1989,4,1348,48,28.4,31,29,23,Male
3206,7023,1660,205,8,1987,6,2157,99,29.125,31.83333333,33,23,Male
709,1368,529,148,2,1980,2,130,333,56,42,48,41,Male
2122,25432,14086,12921,21,1995,6,9224,27,51.05555556,39.5,58,39,Male
2042,4468,2222,1170,3,2009,2,204,1,30,44,19,39,Male
465,5504,3887,3676,6,2007,3,1152,44,39.5,41.5,45,30,Male
312,8229,3849,3537,10,2000,1,4068,73,45.66666667,42,39,42,Male
2671,10532,2967,1505,7,1982,3,4894,384,34.28571429,26,33,27,Male
2496,5174,2420,466,2,1981,2,258,372,67.5,59,76,74,Male
1939,10553,3954,2138,11,1954,2,4660,185,38.71428571,33.5,30,30,Male
1700,6449,2972,1880,6,1997,2,1777,10,41,30,49,32,Male
3234,11491,4735,2900,7,1994,4,3522,41,43,40.75,30,29,Female
160,9602,2302,2142,15,1995,1,7140,13,38.23076923,38,28,38,Male
238,8018,2766,860,9,1993,3,5014,212,53,26,26,39,Female
1860,10271,1887,1209,9,2012,6,6524,23,41.28571429,35.5,37,38,Male
1403,7844,2453,1050,10,1968,1,3988,172,43.7,46,45,46,Male
1156,5697,1386,1012,7,1972,4,3155,477,44.85714286,33.75,42,50,Male
1955,6332,2175,1007,5,2002,6,2202,15,52.6,37.6,30,41,Female
1292,9223,2430,1540,8,2006,2,5501,70,55.125,23,38,22,Male
1132,7769,2773,1850,13,2009,2,3864,112,47.54545455,36.5,46,34,Male
2313,10653,3045,1829,7,2000,4,5295,11,48.4,28.5,49,25,Male
951,12807,3297,2917,11,1994,3,8559,51,53.1,45.66666667,37,37,Male
1688,3808,1561,753,2,2010,3,559,2,32.5,45,42,62,Male
1054,7653,1813,759,10,2007,1,4786,260,51.71428571,43,38,43,Male
2897,8499,1901,637,6,2005,3,3701,39,34.6,30,34,26,Male
3211,8121,2711,549,6,2000,2,2199,5,36.5,49,29,68,Male
1748,5459,1870,906,8,2000,3,1841,52,59.28571429,34.5,40,30,Male
911,5942,3239,1848,4,2002,5,1792,193,38.66666667,29,34,28,Female
3172,9464,2323,280,10,1996,3,3969,91,33.5,38.66666667,22,17,Male
2474,9782,2641,1424,9,2002,4,4667,9,28.5,40.75,25,24,Male
2939,8131,3217,1047,5,1989,3,1975,45,31.4,19.66666667,23,19,Male
1190,8746,1805,519,9,2001,3,5751,109,35.88888889,28,25,55,Female
2932,7426,1565,695,4,1996,6,2929,202,33,24.75,23,26,Female
1138,6616,3694,2556,5,1989,1,1784,128,38.4,35,49,35,Male
603,8896,3931,2843,11,2010,3,4362,65,54.85714286,41,45,57,Female
1008,4912,2438,1572,5,2013,2,1466,1,27.66666667,17,29,17,Male
1116,7841,1571,1122,12,1985,4,5154,81,41.90909091,34.5,38,40,Male
1930,9383,3475,1732,5,1998,2,3978,30,44.75,34,43,34,Male
1047,5713,3095,2187,4,2009,2,1571,10,32.5,49,49,49,Male
1549,14822,4802,3811,10,1995,3,8471,16,40.875,36.33333333,56,51,Male
0,3081,1176,62,5,1977,1,1905,495,40,31,31,40,Female
793,4082,1481,392,2,2002,2,1808,22,39,35,33,33,Female
3737,14590,4448,1340,10,1959,4,6405,426,52,33.75,34,33,Male
1247,9087,3621,1310,5,2005,4,4219,42,43,46.75,37,42,Female
1072,4201,2246,1748,4,2010,3,883,69,28,49,28,24,Male
1131,8445,2794,1663,9,2000,1,4520,146,55.22222222,41,70,41,Male
1491,5710,1502,622,7,1979,3,2717,285,43.85714286,41.66666667,32,31,Male
1134,6665,2225,1404,11,1984,3,3306,197,49.1,55.66666667,53,28,Male
1852,9163,2823,1218,12,1986,2,4488,257,52.33333333,44.5,55,35,Male
532,6756,2044,1668,9,1989,2,4180,120,53.33333333,47,58,57,Male
1493,8970,2010,1441,10,1994,5,5467,157,50.4,38,54,39,Male
363,8254,2816,2453,10,1998,1,5075,130,46.4,43,58,43,Male
736,10041,3809,3329,8,2002,2,5496,64,49,40.5,62,47,Male
1290,6759,3441,2676,4,2005,3,2028,4,41.25,42,34,37,Male
3088,9650,3418,1511,5,2010,2,3144,1,54,46,67,35,Male
1781,5310,1470,505,5,2002,2,2059,96,30.8,45.5,41,46,Male
862,4867,1762,750,7,1980,4,2243,349,45.85714286,34.5,32,42,Female
2931,9697,2460,948,9,1983,6,4306,165,45.85714286,42.6,43,31,Male
2001,6304,2391,1249,8,1987,2,1912,34,44.42857143,32.5,57,26,Male
500,7993,2875,503,6,2007,4,4618,66,41,29,41,44,Female
3408,8507,4166,900,4,2001,2,933,38,48.25,30,37,26,Male
1331,4360,1530,199,4,1991,1,1499,423,37,35,14,35,Male
1015,5681,2586,1944,7,1983,4,2080,298,28.5,28,28,28,Female
973,7474,4142,3295,6,1981,2,2359,13,45.33333333,46,41,38,Male
1891,12355,2792,185,13,1997,6,7672,1249,42.6,48.33333333,22,23,Female
2716,11944,3774,1540,7,2010,2,5454,101,47.5,25.5,38,28,Male
2429,9545,2159,1054,10,2010,6,4957,457,66.33333333,42.5,54,48,Male
707,10944,6117,5568,8,1989,2,4120,19,38.625,31,42,31,Male
111,1522,677,566,4,2010,1,734,331,26.25,22,24,22,Male
1036,16854,6542,2986,10,2009,6,9276,344,28.9,22.6,19,17,Female
1691,9357,1932,721,14,1992,8,5734,8,38,31.14285714,25,36,Female
5067,11042,4103,1093,5,2009,6,1872,10,34.5,37.4,30,37,Male
150,7598,3875,2433,4,2008,2,3573,34,31.66666667,51.5,43,42,Female
303,3152,2099,1751,4,1996,3,750,100,41.5,38.66666667,38,48,Female
1037,6157,1652,622,7,1998,3,3468,70,40,31.66666667,23,27,Female
325,11647,3223,2898,10,1995,1,8099,46,39,33,36,33,Male
235,3547,713,106,9,2008,2,2599,87,44.71428571,49,59,54,Female
4734,11824,3302,406,4,2008,3,3788,28,42,36.33333333,39,26,Male
628,3118,1043,346,4,2004,3,1447,159,39,33.33333333,23,30,Female
105,6919,3296,1416,2,2011,2,3518,1,32.5,51,51,46,Female
1431,5451,1604,849,5,2009,3,2416,89,38,45.33333333,12,55,Male
3239,7460,2522,1940,4,2009,7,1699,15,39.5,31.5,22,35,Female
1115,8369,3499,2907,6,1988,2,3755,325,49.2,38.5,46,34,Male
1217,5426,1969,1228,6,2010,6,2240,7,48.5,34.25,20,51,Female
682,3570,758,366,8,2003,3,2130,310,42.875,23,57,37,Male
1527,8610,4792,3984,6,1974,3,2291,401,47.25,29.5,41,27,Male
1611,10931,3976,2350,9,2009,4,5344,12,46,37.25,26,28,Female
4567,8394,2981,2657,4,1995,6,846,46,34.66666667,35.5,40,42,Female
2516,8589,4034,3124,5,1985,4,2039,7,43.6,41.75,39,39,Male
2787,6890,2303,103,7,1990,4,1800,1,42,30.5,36,24,Male
1842,4252,732,127,7,2005,4,1678,396,36.42857143,30,18,10,Male
1289,6103,2261,1144,4,1999,5,2553,22,27,36,41,48,Female
3621,6579,1671,246,4,1996,4,1287,43,43,33.5,35,24,Male
1729,8236,4846,3289,6,1991,2,1661,184,35.4,46,46,45,Male
4362,8090,1737,503,4,2003,7,1991,16,41.25,36.33333333,43,33,Male
1384,14523,5399,4670,11,1998,3,7740,56,41.1,31.33333333,28,34,Male
681,3753,1410,873,5,1994,2,1662,23,42.75,35.5,56,34,Male
1381,3157,1275,975,2,1998,4,501,86,32.5,31.5,34,39,Female
1042,4833,1133,501,6,1987,3,2658,84,49.66666667,32.66666667,34,25,Male
1241,6699,2498,1853,6,2003,2,2960,1,44.83333333,30,44,20,Male
2691,9293,3663,1706,4,1988,5,2939,135,40.75,33,31,46,Female
0,6375,1644,91,8,2014,1,4731,6,56.16666667,37,37,67,Female
3140,13732,5140,2247,6,2010,3,5452,3,58.5,56,54,61,Female
4167,11600,4053,3070,6,2013,6,3380,40,56.5,42.66666667,64,42,Female
7250,15227,6902,352,4,2013,3,1075,8,48.33333333,56,43,44,Male
3023,8815,3300,2417,4,2014,5,2492,45,48.33333333,43,63,26,Male
5713,16388,4648,1820,10,2014,8,6027,27,31,26.25,44,46,Male
272,8699,4353,4081,14,2015,1,4074,74,58.75,47,59,47,Male
3189,9881,3407,1907,5,2015,11,3285,31,41,33.75,21,25,Female
1952,8483,3683,2776,5,2015,4,2848,5,60.6,46.33333333,75,57,Male
401,9975,2574,1379,12,2014,3,7000,4,33.66666667,27.5,31,29,Female
2740,5993,2933,2613,1,2013,8,320,18,40,42.25,52,40,Female
638,4111,1209,792,4,2015,2,2264,12,34.5,24.5,30,23,Male
264,7202,4909,4645,6,2014,1,2029,32,42,49,38,49,Male
2790,7574,4119,3454,1,2015,6,665,7,71,46.33333333,76,71,Female
3558,5600,1564,442,3,2012,5,478,6,54.5,43.25,62,48,Male
3149,8722,4021,2801,3,2015,6,1552,7,52.5,66.33333333,72,33,Female
240,6773,1596,627,11,2014,2,4937,97,42.625,28,29,68,Female
3266,7627,4361,2155,1,2014,5,0,1,47,61,47,36,Male
2515,4907,1137,669,4,2014,8,1255,136,26,48.28571429,31,34,Female
2031,6855,2805,1815,3,2015,4,2019,367,50.66666667,48.5,44,59,Female
827,8935,5512,4804,5,2013,2,2596,1,31.4,33.5,36,31,Male
617,3629,2447,2219,3,2014,4,565,3,52,44,55,50,Female
2296,8278,2315,920,10,2014,5,3667,2,48,51,61,50,Male
1274,5360,2999,1725,6,2006,1,1087,1,35.5,35,30,35,Male
2373,9699,5388,4024,5,2015,3,1938,6,29.8,35,24,22,Male
5433,11345,4172,3301,2,2015,6,1740,2,38,36.8,32,38,Female
3117,8417,3172,1599,11,2014,6,2128,4,55.83333333,57.4,57,63,Male
2094,10089,6152,4840,5,2014,3,1843,34,42,60,34,60,Male
752,4184,1636,1191,7,2014,2,1796,2,49.2,38.5,46,32,Male
3380,6548,1890,907,3,2010,7,1278,4,42,55.8,51,50,Female
1843,11207,4401,2558,9,2012,1,4963,8,48,55,42,55,Male
1120,7882,3838,1950,5,2015,4,2924,10,43,43.25,26,9,Female
867,1371,318,132,1,2012,4,186,15,32,23.25,24,32,Female
1924,7134,2694,1671,5,2014,4,2516,46,48.66666667,51,64,44,Male
4711,20347,10443,7446,6,2015,3,5193,18,45,31,38,40,Male
1688,5886,1751,795,7,2015,4,2447,4,50.4,39.75,30,60,Female
639,3832,1870,1231,3,2010,1,1323,39,60,35,49,35,Male
1679,8020,3283,1886,6,2014,7,3058,1,30.4,41.71428571,26,28,Female
0,3906,1084,23,6,2014,1,2822,54,39.5,16,16,15,Female
873,5892,2664,2116,3,2013,2,2355,200,38,70.5,49,54,Male
2130,9212,4457,2756,3,2015,5,2625,1,46.5,33.33333333,23,39,Female
724,12719,5998,5274,12,2014,1,5997,35,54.5,65,43,65,Male
1730,10392,3647,2641,5,2013,3,5015,155,46.75,29.33333333,38,28,Male
1220,4934,2831,2534,4,2015,8,883,0,54.66666667,62,81,66,Female
1449,9388,1568,1123,14,2015,7,6371,62,45,40,41,51,Male
1694,5793,1894,396,9,2014,2,2205,38,42.5,35.5,32,31,Male
849,11542,3692,1760,14,2015,4,7001,2,57.1,46.25,46,79,Female
1499,9848,4480,3436,7,2014,2,3869,8,46.6,34.5,49,29,Male
4796,11481,3767,290,11,2015,4,2918,34,50.36363636,50.5,39,70,Male
1741,7074,3475,1852,4,2012,2,1858,206,42.33333333,37.5,47,42,Male
1287,8345,3262,2113,7,2015,2,3796,2,55.16666667,36,76,45,Male
1294,8545,2208,1134,8,1997,2,5043,187,45.875,36.5,34,27,Male
704,2402,1224,973,3,1998,4,474,158,37.33333333,27.33333333,49,38,Male
1892,4541,1079,423,4,1959,4,1570,880,52.75,56.75,69,46,Female
1225,3963,1159,621,4,1999,3,1579,292,53,39.33333333,29,39,Female
179,4589,2130,1951,3,1999,1,2280,241,25,65,26,65,Male
699,5732,2151,1452,6,2001,1,2882,222,31.83333333,21,28,21,Male
1301,5708,1471,549,6,1996,2,2936,196,49.5,60,63,34,Male
1191,7585,2454,2027,10,1998,3,3940,12,35,31.66666667,29,24,Male
1095,12304,4545,3999,10,1999,3,6664,234,47.4,49.33333333,43,38,Male
1044,8412,5463,4835,7,1997,3,1905,109,47.33333333,47,45,37,Male
2035,10342,3755,2047,7,2004,2,4552,140,45.5,41.5,74,30,Male
1765,7362,2405,1728,9,1984,5,3192,13,41.14285714,31.75,41,23,Male
1512,9053,3160,1760,8,1949,2,4381,8,45.5,54.5,44,28,Male
946,6614,2081,1135,6,1958,1,3587,38,52.33333333,31,43,31,Male
406,1351,789,383,2,2015,1,156,81,49,39,49,39,Male
583,8983,3406,2823,5,2013,1,4994,80,55.6,38,42,38,Male
4864,9261,3590,451,4,2014,2,807,51,45.75,42,41,40,Male
250,2360,789,539,4,2011,1,1321,50,53,55,62,55,Male
1575,8617,4893,3759,4,2006,3,2149,181,43.25,28.33333333,40,33,Male
1042,8174,3058,2016,6,2013,1,4074,128,46.83333333,37,35,37,Male
487,6917,3229,2877,8,2013,2,3201,114,41.83333333,46.5,57,54,Male
674,7421,3044,222,3,2011,3,3703,61,48,34.33333333,28,30,Female
1702,8266,4565,3220,5,2014,2,1999,97,50.5,50,51,37,Male
2086,6134,1775,561,4,2006,4,2273,97,36.25,37.25,15,16,Male
305,10665,4392,4087,13,2013,1,5968,9,33.16666667,27,44,27,Male
1109,4461,1513,917,6,2012,4,1839,46,39.6,29.75,37,35,Female
2453,8622,2121,14,5,2012,5,4048,26,45.2,39.25,23,38,Female
2019,7618,1560,769,6,2011,3,4039,156,42,32.66666667,47,27,Male
1858,7149,2536,1840,7,2013,5,2755,75,45.42857143,35.75,49,29,Male
1229,7368,3376,2805,10,2006,3,2763,196,49.16666667,36.66666667,39,32,Male
999,3951,1146,147,5,2010,1,1806,74,49,35,47,35,Male
1748,8036,2065,656,10,2013,2,4223,78,50.33333333,25,33,36,Male
2276,9351,3422,2209,9,2014,3,3653,200,49.88888889,34.33333333,45,32,Male
899,1986,974,288,2,1995,2,113,214,61.5,46,42,61,Male
127,1726,1232,1105,3,1981,1,367,194,48.66666667,33,54,33,Male
303,2398,1334,1166,5,1973,2,761,174,43.2,31,46,24,Male
632,8404,1952,187,6,1992,2,5820,172,37.16666667,24,21,34,Female
1326,2750,877,356,2,2000,3,547,53,27.5,27.66666667,28,25,Male
462,3994,775,52,8,1996,3,2757,32,42.85714286,38.5,29,32,Female
2735,11946,3410,1536,13,2007,4,5801,32,44.09090909,50,38,48,Male
